id,coin,pair,channel_name,best_ask_price,best_ask_whole_lot_volume,best_ask_lot_volume,best_bid_price,best_bid_whole_lot_volume,best_bid_lot_volume,close_price,close_lot_volume,volume_today,volume_last_24h,vwap_today,vwap_last_24h,number_of_trades_today,number_of_trades_last_24h,low_price_today,low_price_last_24h,high_price_today,high_price_last_24h,open_price_today,open_price_last_24h,received_at
2251799813685318,ADA,ADA/USD,ticker,0.35499200,80,80.98935078,0.35485000,595,595.11620427,0.35485000,2999.85084173,427384.84050372,2698095.15681778,0.35376800,0.34947600,617,1806,0.35036500,0.34394200,0.35679900,0.35679900,0.35073000,0.34638800,2024-10-19 10:17:19
2251799813685320,SOL,SOL/USD,ticker,154.95000000,201,201.06353355,154.94000000,0,0.15334564,154.94000000,0.01353000,17608.20524740,179543.05824904,154.71919000,154.71019000,3767,16340,154.09000000,152.25000000,155.90000000,156.50000000,154.93000000,153.58000000,2024-10-19 10:17:38
2251799813685301,ETH,ETH/USD,ticker,2644.47000000,124,124.36924338,2644.46000000,0,0.90490745,2644.46000000,0.00944975,633.79218991,5613.20382142,2644.97391000,2644.69572000,2798,12085,2635.70000000,2612.22000000,2660.99000000,2673.41000000,2641.79000000,2624.89000000,2024-10-19 10:14:30
2251799813685308,ADA,ADA/USD,ticker,0.35476000,81,81.01540842,0.35461800,5939,5939.53186834,0.35461800,18.11041300,423108.42256242,2693818.73887648,0.35375700,0.34946800,610,1799,0.35036500,0.34394200,0.35679900,0.35679900,0.35073000,0.34638800,2024-10-19 10:15:38
2251799813685319,SOL,SOL/USD,ticker,154.95000000,122,122.28473571,154.92000000,154,154.79110716,154.95000000,0.31800000,17608.19171740,179543.04471904,154.71919000,154.71019000,3766,16339,154.09000000,152.25000000,155.90000000,156.50000000,154.93000000,153.58000000,2024-10-19 10:17:33
2251799813685315,ADA,ADA/USD,ticker,0.35489100,13070,13070.03707073,0.35477900,33,33.79805661,0.35489100,1018.79583852,424236.39688972,2694946.71320378,0.35376000,0.34947000,613,1802,0.35036500,0.34394200,0.35679900,0.35679900,0.35073000,0.34638800,2024-10-19 10:16:57
2251799813685304,SOL,SOL/USD,ticker,154.82000000,99,99.66344903,154.81000000,345,345.91157506,154.82000000,0.75891000,17414.64412740,179351.37687810,154.71760000,154.71001000,3738,16330,154.09000000,152.25000000,155.90000000,156.50000000,154.93000000,153.42000000,2024-10-19 10:14:46
2251799813685307,SOL,SOL/USD,ticker,154.82000000,98,98.61275903,154.81000000,350,350.78623151,154.82000000,0.06069000,17415.69481740,179352.32756810,154.71760000,154.71001000,3740,16327,154.09000000,152.25000000,155.90000000,156.50000000,154.93000000,153.47000000,2024-10-19 10:15:22
2251799813685323,SOL,SOL/USD,ticker,154.99000000,215,215.96947354,154.96000000,0,0.07162837,154.96000000,0.07665000,19074.24974497,181009.10274661,154.73981000,154.71243000,3801,16374,154.09000000,152.25000000,155.90000000,156.50000000,154.93000000,153.58000000,2024-10-19 10:18:27
2251799813685325,XBT,XBT/USD,ticker,68347.70000000,10,10.51118696,68347.60000000,0,0.81481693,68347.60000000,0.01988782,171.49810757,1108.42982674,68419.54001000,68500.81246000,6801,27543,68308.10000000,67646.60000000,68632.70000000,68980.30000000,68440.20000000,67836.90000000,2024-10-19 10:18:57
1125899906842799,ADA,ADA/USD,ticker,0.35502900,840,840.00000000,0.35502000,80,80.95892826,0.35532400,79.09746951,423090.31214942,2693800.62846348,0.35375700,0.34946800,609,1798,0.35036500,0.34394200,0.35679900,0.35679900,0.35073000,0.34638800,2024-10-19 10:14:30
2251799813685302,SOL,SOL/USD,ticker,154.82000000,100,100.49746903,154.81000000,345,345.90857506,154.81000000,0.68459000,17413.81010740,179350.54285810,154.71759000,154.71001000,3736,16328,154.09000000,152.25000000,155.90000000,156.50000000,154.93000000,153.42000000,2024-10-19 10:14:39
2251799813685330,SOL,SOL/USD,ticker,154.98000000,173,173.28245159,154.96000000,21,21.59900000,154.96000000,0.46405623,19076.24174497,181001.82393468,154.73984000,154.71249000,3806,16362,154.09000000,152.25000000,155.90000000,156.50000000,154.93000000,153.66000000,2024-10-19 10:19:04
2251799813685305,SOL,SOL/USD,ticker,154.82000000,98,98.67344903,154.81000000,207,207.73379545,154.82000000,0.99000000,17415.63412740,179352.26687810,154.71760000,154.71001000,3739,16326,154.09000000,152.25000000,155.90000000,156.50000000,154.93000000,153.47000000,2024-10-19 10:15:04
2251799813685303,SOL,SOL/USD,ticker,154.82000000,100,100.42235903,154.81000000,345,345.92857506,154.82000000,0.07511000,17413.88521740,179350.61796810,154.71759000,154.71001000,3737,16329,154.09000000,152.25000000,155.90000000,156.50000000,154.93000000,153.42000000,2024-10-19 10:14:43
2251799813685316,XBT,XBT/USD,ticker,68347.70000000,14,14.84007651,68347.60000000,0,0.07676014,68347.70000000,0.00634833,171.44157071,1108.98597690,68419.56372000,68500.45190000,6797,27574,68308.10000000,67646.60000000,68632.70000000,68980.30000000,68440.20000000,67786.40000000,2024-10-19 10:17:02
2251799813685331,XBT,XBT/USD,ticker,68347.70000000,10,10.97149946,68347.60000000,0,0.77665635,68347.70000000,0.00164599,171.50654231,1108.43775016,68419.53648000,68500.81160000,6804,27544,68308.10000000,67646.60000000,68632.70000000,68980.30000000,68440.20000000,67836.80000000,2024-10-19 10:19:18
2251799813685314,XBT,XBT/USD,ticker,68347.70000000,14,14.84642484,68347.60000000,0,0.07676014,68347.70000000,0.00500000,171.43522238,1108.98655926,68419.56638000,68500.44831000,6796,27576,68308.10000000,67646.60000000,68632.70000000,68980.30000000,68440.20000000,67786.40000000,2024-10-19 10:16:50
1125899906842665,XBT,XBT/USD,ticker,68402.60000000,5,5.59288748,68402.50000000,0,0.42299467,68402.50000000,0.00030669,156.21192617,1119.20410552,68427.04908000,68486.86003000,6324,27613,68308.10000000,67646.60000000,68632.70000000,68980.30000000,68440.20000000,67891.50000000,2024-10-19 09:30:21
1125899906842677,XBT,XBT/USD,ticker,68381.80000000,2,2.58229311,68381.70000000,0,0.01089000,68381.80000000,0.00007134,158.22256569,1116.92184886,68426.56414000,68488.86604000,6348,27565,68308.10000000,67646.60000000,68632.70000000,68980.30000000,68440.20000000,67840.40000000,2024-10-19 09:32:01
1125899906842710,XBT,XBT/USD,ticker,68344.30000000,0,0.00727653,68344.20000000,0,0.04677229,68343.10000000,0.00158179,163.59226279,1103.52821281,68424.01613000,68500.09588000,6620,27522,68308.10000000,67646.60000000,68632.70000000,68980.30000000,68440.20000000,67765.80000000,2024-10-19 09:58:22
2251799813685256,ETH,ETH/USD,ticker,2645.35000000,0,0.91883842,2645.34000000,136,136.29756304,2645.35000000,0.04710143,627.61829384,5626.61217363,2644.97623000,2644.62678000,2753,12073,2635.70000000,2612.22000000,2660.99000000,2673.41000000,2641.79000000,2624.90000000,2024-10-19 09:59:06
2251799813685260,ETH,ETH/USD,ticker,2645.35000000,0,0.84357264,2645.34000000,131,131.30743336,2645.35000000,0.03746360,627.69355962,5608.94200149,2644.97628000,2644.68920000,2755,12073,2635.70000000,2612.22000000,2660.99000000,2673.41000000,2641.79000000,2624.90000000,2024-10-19 09:59:46
1125899906842721,XBT,XBT/USD,ticker,68318.60000000,0,0.00300000,68318.50000000,10,10.92217988,68318.50000000,0.04300000,167.44102559,1107.32878427,68421.63578000,68499.50361000,6706,27591,68308.10000000,67646.60000000,68632.70000000,68980.30000000,68440.20000000,67759.30000000,2024-10-19 10:04:35
1125899906842728,XBT,XBT/USD,ticker,68318.60000000,0,0.00400000,68318.50000000,10,10.02367760,68318.50000000,0.05940000,168.74652559,1108.56552127,68420.83787000,68499.33571000,6713,27585,68308.10000000,67646.60000000,68632.70000000,68980.30000000,68440.20000000,67764.60000000,2024-10-19 10:04:48
1125899906842731,SOL,SOL/USD,ticker,154.72000000,3,3.34590000,154.71000000,443,443.45810340,154.72000000,0.19592000,16675.19456776,179293.09625892,154.71665000,154.70492000,3696,16316,154.09000000,152.25000000,155.90000000,156.50000000,154.93000000,153.47000000,2024-10-19 10:04:53
1125899906842658,ETH,ETH/USD,ticker,2646.29000000,0,0.70563423,2646.28000000,108,108.58652554,2646.29000000,0.05000000,621.04409569,5939.76954350,2644.96427000,2643.43954000,2708,12247,2635.70000000,2612.22000000,2660.99000000,2673.41000000,2641.79000000,2626.90000000,2024-10-19 09:29:27
1125899906842695,ETH,ETH/USD,ticker,2646.29000000,123,123.56829719,2646.28000000,1,1.38837727,2646.29000000,3.36270621,624.54395122,5940.69378473,2644.97170000,2643.44840000,2715,12243,2635.70000000,2612.22000000,2660.99000000,2673.41000000,2641.79000000,2626.10000000,2024-10-19 09:33:28
2251799813685295,SOL,SOL/USD,ticker,154.73000000,458,458.80715113,154.72000000,908,908.99229970,154.73000000,4.82655903,16875.29400674,179493.19569790,154.71680000,154.70495000,3703,16323,154.09000000,152.25000000,155.90000000,156.50000000,154.93000000,153.47000000,2024-10-19 10:05:25
1125899906842757,XBT,XBT/USD,ticker,68318.60000000,0,0.00034150,68318.50000000,13,13.04647090,68318.60000000,0.00055025,168.97408409,1108.79014238,68420.70006000,68499.30054000,6726,27596,68308.10000000,67646.60000000,68632.70000000,68980.30000000,68440.20000000,67762.70000000,2024-10-19 10:06:15
1125899906842627,ETH,ETH/USD,ticker,2646.26000000,0,0.60542513,2646.25000000,111,111.60072623,2646.26000000,0.04285180,620.33497214,5942.01397764,2644.96277000,2643.43189000,2704,12275,2635.70000000,2612.22000000,2660.99000000,2673.41000000,2641.79000000,2629.92000000,2024-10-19 09:27:31
2251799813685249,SOL,SOL/USD,ticker,154.77000000,217,217.73139717,154.76000000,76,76.58341586,154.77000000,0.22906000,16488.37314073,179325.63137417,154.71646000,154.70349000,3587,16482,154.09000000,152.25000000,155.90000000,156.50000000,154.93000000,153.82000000,2024-10-19 09:27:31
1125899906842681,XBT,XBT/USD,ticker,68378.70000000,5,5.23298786,68378.60000000,0,0.01061224,68378.60000000,0.00027776,158.22466725,1116.92368376,68426.56354000,68488.86599000,6352,27567,68308.10000000,67646.60000000,68632.70000000,68980.30000000,68440.20000000,67840.40000000,2024-10-19 09:32:20
2251799813685258,XBT,XBT/USD,ticker,68343.80000000,0,0.02935253,68343.70000000,0,0.04444765,68343.80000000,0.00091128,163.60472048,1103.53923802,68424.01004000,68500.09508000,6626,27525,68308.10000000,67646.60000000,68632.70000000,68980.30000000,68440.20000000,67765.70000000,2024-10-19 09:59:16
2251799813685262,XBT,XBT/USD,ticker,68343.80000000,0,0.38862144,68343.70000000,0,0.05000000,68343.80000000,0.00004325,163.60476373,1103.53573251,68424.01002000,68500.09743000,6627,27524,68308.10000000,67646.60000000,68632.70000000,68980.30000000,68440.20000000,67765.80000000,2024-10-19 10:00:09
2251799813685265,SOL,SOL/USD,ticker,154.73000000,659,659.25069011,154.72000000,293,293.86470512,154.72000000,0.03482000,16666.55922924,179298.39610606,154.71665000,154.70483000,3689,16325,154.09000000,152.25000000,155.90000000,156.50000000,154.93000000,153.46000000,2024-10-19 10:00:45
1125899906842768,XBT,XBT/USD,ticker,68320.00000000,0,0.03269843,68319.90000000,14,14.32906605,68319.90000000,0.00010000,168.97548409,1108.68154238,68420.69922000,68499.37340000,6735,27596,68308.10000000,67646.60000000,68632.70000000,68980.30000000,68440.20000000,67762.60000000,2024-10-19 10:06:40
1125899906842639,XBT,XBT/USD,ticker,68402.60000000,6,6.69511914,68402.50000000,0,0.43268455,68402.50000000,0.00029229,155.85555296,1118.84832638,68427.10499000,68486.88655000,6299,27589,68308.10000000,67646.60000000,68632.70000000,68980.30000000,68440.20000000,67891.50000000,2024-10-19 09:28:29
1125899906842697,XBT,XBT/USD,ticker,68378.70000000,9,9.92670592,68378.60000000,0,0.00774020,68378.60000000,0.00015600,158.24256723,1116.92611149,68426.55812000,68488.87319000,6363,27567,68308.10000000,67646.60000000,68632.70000000,68980.30000000,68440.20000000,67843.30000000,2024-10-19 09:33:34
1125899906842730,XBT,XBT/USD,ticker,68318.60000000,0,0.00400000,68318.50000000,10,10.08950783,68318.50000000,0.15320000,168.89982559,1108.71882127,68420.74499000,68499.31071000,6715,27587,68308.10000000,67646.60000000,68632.70000000,68980.30000000,68440.20000000,67764.60000000,2024-10-19 10:04:51
1125899906842752,ETH,ETH/USD,ticker,2644.40000000,0,0.00200000,2644.39000000,153,153.36853800,2644.39000000,0.16000000,632.10110655,5613.04067685,2644.97544000,2644.69042000,2783,12093,2635.70000000,2612.22000000,2660.99000000,2673.41000000,2641.79000000,2624.89000000,2024-10-19 10:05:29
1125899906842767,XBT,XBT/USD,ticker,68320.00000000,0,0.03269843,68319.90000000,14,14.32916605,68319.90000000,0.00010000,168.97538409,1108.68144238,68420.69928000,68499.37342000,6734,27595,68308.10000000,67646.60000000,68632.70000000,68980.30000000,68440.20000000,67762.60000000,2024-10-19 10:06:40
1125899906842791,ETH,ETH/USD,ticker,2644.40000000,0,0.75256081,2644.39000000,157,157.70350908,2644.39000000,0.27057345,632.63986431,5613.56277104,2644.97495000,2644.69045000,2790,12099,2635.70000000,2612.22000000,2660.99000000,2673.41000000,2641.79000000,2624.89000000,2024-10-19 10:08:40
1125899906842645,ETH,ETH/USD,ticker,2646.29000000,0,0.10563423,2646.28000000,117,117.59565522,2646.29000000,0.00540052,620.99409569,5942.65735499,2644.96416000,2643.43224000,2707,12271,2635.70000000,2612.22000000,2660.99000000,2673.41000000,2641.79000000,2629.13000000,2024-10-19 09:28:43
1125899906842682,XBT,XBT/USD,ticker,68378.70000000,5,5.23298786,68378.60000000,0,0.01017362,68378.60000000,0.00043862,158.22510587,1116.92350364,68426.56341000,68488.86630000,6353,27567,68308.10000000,67646.60000000,68632.70000000,68980.30000000,68440.20000000,67840.40000000,2024-10-19 09:32:23
1125899906842699,XBT,XBT/USD,ticker,68375.30000000,9,9.10307114,68375.20000000,0,0.00784020,68375.30000000,0.00100000,158.25288695,1116.93591827,68426.55478000,68488.87244000,6365,27568,68308.10000000,67646.60000000,68632.70000000,68980.30000000,68440.20000000,67837.20000000,2024-10-19 09:33:45
2251799813685251,ETH,ETH/USD,ticker,2645.35000000,0,0.96593985,2645.34000000,138,138.18595486,2645.35000000,0.08902299,627.57119241,5626.56507220,2644.97621000,2644.62678000,2752,12072,2635.70000000,2612.22000000,2660.99000000,2673.41000000,2641.79000000,2624.90000000,2024-10-19 09:58:22
2251799813685255,XBT,XBT/USD,ticker,68343.80000000,0,0.02780062,68343.70000000,0,0.04444765,68343.80000000,0.00146319,163.60180920,1103.53632674,68424.01147000,68500.09549000,6623,27522,68308.10000000,67646.60000000,68632.70000000,68980.30000000,68440.20000000,67765.70000000,2024-10-19 09:58:53
2251799813685284,ETH,ETH/USD,ticker,2645.22000000,157,157.08164591,2644.08000000,0,0.14833136,2644.08000000,0.01223764,630.31610120,5611.25567150,2644.97779000,2644.69060000,2772,12082,2635.70000000,2612.22000000,2660.99000000,2673.41000000,2641.79000000,2624.89000000,2024-10-19 10:02:54
1125899906842754,XBT,XBT/USD,ticker,68318.60000000,0,0.00303879,68318.50000000,12,12.41245990,68318.60000000,0.00018730,168.97138680,1108.78831768,68420.70169000,68499.30040000,6721,27592,68308.10000000,67646.60000000,68632.70000000,68980.30000000,68440.20000000,67764.60000000,2024-10-19 10:06:01
1125899906842644,XBT,XBT/USD,ticker,68402.60000000,6,6.24211914,68402.50000000,0,0.43053599,68402.50000000,0.00137353,155.85770152,1118.85047494,68427.10465000,68486.88639000,6302,27592,68308.10000000,67646.60000000,68632.70000000,68980.30000000,68440.20000000,67891.50000000,2024-10-19 09:28:40
1125899906842672,XBT,XBT/USD,ticker,68394.10000000,0,0.18525871,68394.00000000,0,0.03695851,68394.00000000,0.00014149,158.22228435,1117.43133221,68426.56422000,68488.57346000,6345,27606,68308.10000000,67646.60000000,68632.70000000,68980.30000000,68440.20000000,67911.80000000,2024-10-19 09:31:30
1125899906842711,SOL,SOL/USD,ticker,154.73000000,666,666.85071402,154.72000000,704,704.41928938,154.72000000,4.22300817,16655.19438533,179296.76479487,154.71664000,154.70476000,3686,16352,154.09000000,152.25000000,155.90000000,156.50000000,154.93000000,153.50000000,2024-10-19 09:58:22
2251799813685272,XBT,XBT/USD,ticker,68322.00000000,0,0.06706348,68321.90000000,0,0.04436180,68322.00000000,0.00008239,165.01164788,1104.90538284,68423.15232000,68499.89730000,6652,27541,68308.10000000,67646.60000000,68632.70000000,68980.30000000,68440.20000000,67759.30000000,2024-10-19 10:01:29
1125899906842724,XBT,XBT/USD,ticker,68318.60000000,0,0.00400000,68318.50000000,10,10.30883161,68318.50000000,0.39700000,167.99942559,1107.88718427,68421.29298000,68499.41238000,6709,27594,68308.10000000,67646.60000000,68632.70000000,68980.30000000,68440.20000000,67759.30000000,2024-10-19 10:04:41
1125899906842729,XBT,XBT/USD,ticker,68318.60000000,0,0.00400000,68318.50000000,10,10.02357760,68318.50000000,0.00010000,168.74662559,1108.56562127,68420.83781000,68499.33569000,6714,27586,68308.10000000,67646.60000000,68632.70000000,68980.30000000,68440.20000000,67764.60000000,2024-10-19 10:04:49
2251799813685296,SOL,SOL/USD,ticker,154.73000000,148,148.59915733,154.72000000,913,913.17235154,154.73000000,51.70133230,17185.50200054,179803.40369170,154.71704000,154.70499000,3709,16329,154.09000000,152.25000000,155.90000000,156.50000000,154.93000000,153.47000000,2024-10-19 10:05:25
1125899906842798,XBT,XBT/USD,ticker,68347.70000000,0,0.70544578,68347.60000000,0,0.23653637,68347.70000000,0.00064422,171.38304932,1110.66037659,68419.58826000,68499.31600000,6780,27616,68308.10000000,67646.60000000,68632.70000000,68980.30000000,68440.20000000,67755.90000000,2024-10-19 10:09:37
1125899906842625,XBT,XBT/USD,ticker,68402.60000000,6,6.68535656,68402.50000000,0,0.44958457,68402.50000000,0.00034934,155.81133560,1118.82460902,68427.11196000,68486.87898000,6292,27584,68308.10000000,67646.60000000,68632.70000000,68980.30000000,68440.20000000,67891.90000000,2024-10-19 09:27:31
1125899906842659,XBT,XBT/USD,ticker,68402.60000000,9,9.07395356,68402.50000000,0,0.42467572,68402.60000000,0.00811935,156.20612922,1119.19890264,68427.04999000,68486.86015000,6320,27610,68308.10000000,67646.60000000,68632.70000000,68980.30000000,68440.20000000,67891.50000000,2024-10-19 09:29:27
1125899906842675,XBT,XBT/USD,ticker,68382.10000000,4,4.51467458,68381.70000000,0,0.01089000,68381.70000000,0.00011000,158.22249435,1116.92177752,68426.56416000,68488.86604000,6347,27564,68308.10000000,67646.60000000,68632.70000000,68980.30000000,68440.20000000,67840.40000000,2024-10-19 09:31:58
1125899906842706,SOL,SOL/USD,ticker,154.66000000,576,576.25155027,154.65000000,6,6.47400000,154.66000000,0.86000000,16583.00096389,179390.85025073,154.71659000,154.70364000,3624,16452,154.09000000,152.25000000,155.90000000,156.50000000,154.93000000,153.61000000,2024-10-19 09:35:05
2251799813685269,SOL,SOL/USD,ticker,154.73000000,708,708.17643172,154.72000000,70,70.47423857,154.72000000,6.46328852,16673.02251776,179303.49095981,154.71665000,154.70484000,3690,16325,154.09000000,152.25000000,155.90000000,156.50000000,154.93000000,153.45000000,2024-10-19 10:01:06
2251799813685278,XBT,XBT/USD,ticker,68320.10000000,0,0.01531980,68318.50000000,0,0.09280673,68320.00000000,0.04436303,165.93889307,1105.82702691,68422.58740000,68499.75193000,6671,27557,68308.10000000,67646.60000000,68632.70000000,68980.30000000,68440.20000000,67759.20000000,2024-10-19 10:02:27
2251799813685290,XBT,XBT/USD,ticker,68315.30000000,9,9.79481780,68315.20000000,6,6.54577253,68315.20000000,0.00549391,166.08723702,1105.97499570,68422.49401000,68499.72781000,6684,27569,68308.10000000,67646.60000000,68632.70000000,68980.30000000,68440.20000000,67759.30000000,2024-10-19 10:03:34
2251799813685293,XBT,XBT/USD,ticker,68315.30000000,13,13.55746612,68315.20000000,6,6.51745979,68315.20000000,0.00100000,166.11554976,1106.00330844,68422.47572000,68499.72308000,6686,27571,68308.10000000,67646.60000000,68632.70000000,68980.30000000,68440.20000000,67759.30000000,2024-10-19 10:04:05
1125899906842712,XBT,XBT/USD,ticker,68315.30000000,13,13.55746612,68315.20000000,5,5.93499470,68315.20000000,0.29133284,166.69801485,1106.58577353,68422.10089000,68499.62596000,6688,27573,68308.10000000,67646.60000000,68632.70000000,68980.30000000,68440.20000000,67759.30000000,2024-10-19 10:04:05
1125899906842747,SOL,SOL/USD,ticker,154.73000000,200,200.30048963,154.72000000,913,913.17235154,154.73000000,51.70133230,17133.80066824,179751.70235940,154.71700000,154.70499000,3708,16328,154.09000000,152.25000000,155.90000000,156.50000000,154.93000000,153.47000000,2024-10-19 10:05:25
1125899906842758,ETH,ETH/USD,ticker,2644.40000000,0,0.65200000,2644.39000000,191,191.78740104,2644.39000000,0.03285122,632.13395777,5613.07352807,2644.97541000,2644.69042000,2784,12094,2635.70000000,2612.22000000,2660.99000000,2673.41000000,2641.79000000,2624.89000000,2024-10-19 10:06:18
1125899906842761,XBT,XBT/USD,ticker,68320.00000000,0,0.03269843,68319.90000000,12,12.78487145,68319.90000000,0.00010000,168.97428409,1108.68034238,68420.69994000,68499.37359000,6728,27589,68308.10000000,67646.60000000,68632.70000000,68980.30000000,68440.20000000,67762.60000000,2024-10-19 10:06:33
1125899906842772,XBT,XBT/USD,ticker,68320.00000000,0,0.03269843,68319.90000000,14,14.50315239,68319.90000000,0.00010000,168.97578409,1108.68184238,68420.69904000,68499.37335000,6738,27599,68308.10000000,67646.60000000,68632.70000000,68980.30000000,68440.20000000,67762.60000000,2024-10-19 10:06:46
1125899906842629,XBT,XBT/USD,ticker,68402.60000000,6,6.66113754,68402.50000000,0,0.44958457,68402.60000000,0.02421602,155.83555162,1118.83852504,68427.10815000,68486.88264000,6293,27584,68308.10000000,67646.60000000,68632.70000000,68980.30000000,68440.20000000,67891.90000000,2024-10-19 09:27:58
1125899906842657,XBT,XBT/USD,ticker,68402.60000000,7,7.19916921,68402.50000000,0,0.42467572,68402.60000000,0.07411678,156.19800987,1119.19078329,68427.05126000,68486.86076000,6319,27609,68308.10000000,67646.60000000,68632.70000000,68980.30000000,68440.20000000,67891.50000000,2024-10-19 09:29:17
1125899906842666,XBT,XBT/USD,ticker,68402.60000000,5,5.59288748,68402.50000000,0,0.41934031,68402.50000000,0.00365436,156.21558053,1115.42978371,68427.04851000,68488.75019000,6325,27589,68308.10000000,67646.60000000,68632.70000000,68980.30000000,68440.20000000,67922.40000000,2024-10-19 09:30:23
2251799813685257,ETH,ETH/USD,ticker,2645.35000000,0,0.88103624,2645.34000000,132,132.29756304,2645.35000000,0.03780218,627.65609602,5626.64997581,2644.97626000,2644.62679000,2754,12074,2635.70000000,2612.22000000,2660.99000000,2673.41000000,2641.79000000,2624.90000000,2024-10-19 09:59:12
1125899906842777,SOL,SOL/USD,ticker,154.82000000,85,85.15364376,154.81000000,583,583.85940954,154.82000000,21.14802480,17356.01442267,179967.23782517,154.71728000,154.70507000,3724,16340,154.09000000,152.25000000,155.90000000,156.50000000,154.93000000,153.45000000,2024-10-19 10:07:55
1125899906842782,SOL,SOL/USD,ticker,154.82000000,82,82.30922148,154.81000000,809,809.94381834,154.82000000,2.09442228,17358.85884495,179970.08224745,154.71730000,154.70508000,3728,16344,154.09000000,152.25000000,155.90000000,156.50000000,154.93000000,153.45000000,2024-10-19 10:08:12
1125899906842786,XBT,XBT/USD,ticker,68320.00000000,0,0.02170556,68319.90000000,12,12.11684945,68320.00000000,0.00009672,168.98697696,1108.26861083,68420.69237000,68499.65385000,6745,27588,68308.10000000,67646.60000000,68632.70000000,68980.30000000,68440.20000000,67761.70000000,2024-10-19 10:08:24
1125899906842652,XBT,XBT/USD,ticker,68402.60000000,6,6.30061729,68402.50000000,0,0.42572837,68402.50000000,0.00102307,155.86250914,1118.85528256,68427.10389000,68486.88603000,6308,27598,68308.10000000,67646.60000000,68632.70000000,68980.30000000,68440.20000000,67891.50000000,2024-10-19 09:29:00
1125899906842671,XBT,XBT/USD,ticker,68394.10000000,0,0.18525871,68394.00000000,0,0.03710000,68394.10000000,0.00338179,158.22214286,1117.43119072,68426.56425000,68488.57348000,6344,27605,68308.10000000,67646.60000000,68632.70000000,68980.30000000,68440.20000000,67911.80000000,2024-10-19 09:31:29
2251799813685268,XBT,XBT/USD,ticker,68343.80000000,11,11.15879617,68343.70000000,0,0.04398832,68343.70000000,0.00588000,163.61146549,1103.52211884,68424.00673000,68500.11000000,6630,27520,68308.10000000,67646.60000000,68632.70000000,68980.30000000,68440.20000000,67759.30000000,2024-10-19 10:00:58
2251799813685291,XBT,XBT/USD,ticker,68315.30000000,9,9.98324080,68315.20000000,6,6.51845979,68315.20000000,0.02731274,166.11454976,1106.00230844,68422.47637000,68499.72325000,6685,27570,68308.10000000,67646.60000000,68632.70000000,68980.30000000,68440.20000000,67759.30000000,2024-10-19 10:03:36
1125899906842773,ETH,ETH/USD,ticker,2644.40000000,0,0.77039569,2644.39000000,185,185.99409648,2644.39000000,0.00099660,632.35145598,5613.27436271,2644.97521000,2644.69047000,2788,12097,2635.70000000,2612.22000000,2660.99000000,2673.41000000,2641.79000000,2624.89000000,2024-10-19 10:07:09
1125899906842797,XBT,XBT/USD,ticker,68347.70000000,0,0.70814000,68347.60000000,4,4.73025725,68347.60000000,1.00513843,171.38030510,1110.65977223,68419.58941000,68499.31495000,6776,27615,68308.10000000,67646.60000000,68632.70000000,68980.30000000,68440.20000000,67755.90000000,2024-10-19 10:09:15
1125899906842648,XBT,XBT/USD,ticker,68402.60000000,6,6.24211914,68402.50000000,0,0.42781084,68402.50000000,0.00064049,155.86042667,1118.85320009,68427.10422000,68486.88619000,6305,27595,68308.10000000,67646.60000000,68632.70000000,68980.30000000,68440.20000000,67891.50000000,2024-10-19 09:28:53
1125899906842650,XBT,XBT/USD,ticker,68402.60000000,6,6.24211914,68402.50000000,0,0.42748182,68402.50000000,0.00032902,155.86075569,1118.85352911,68427.10417000,68486.88616000,6306,27596,68308.10000000,67646.60000000,68632.70000000,68980.30000000,68440.20000000,67891.50000000,2024-10-19 09:28:58
1125899906842662,XBT,XBT/USD,ticker,68402.60000000,5,5.83820579,68402.50000000,0,0.42467572,68402.60000000,0.00394990,156.21007912,1119.20285254,68427.04937000,68486.85985000,6321,27611,68308.10000000,67646.60000000,68632.70000000,68980.30000000,68440.20000000,67891.50000000,2024-10-19 09:30:04
1125899906842708,ETH,ETH/USD,ticker,2646.29000000,143,143.34437470,2646.28000000,0,0.98837727,2646.29000000,0.01052568,624.95447690,5937.25671949,2644.97256000,2643.46201000,2724,12206,2635.70000000,2612.22000000,2660.99000000,2673.41000000,2641.79000000,2621.78000000,2024-10-19 09:35:30
2251799813685292,SOL,SOL/USD,ticker,154.72000000,576,576.23425091,154.71000000,6,6.48926073,154.71000000,1.62573927,16674.83046776,179292.73215892,154.71665000,154.70492000,3694,16314,154.09000000,152.25000000,155.90000000,156.50000000,154.93000000,153.47000000,2024-10-19 10:03:41
1125899906842735,XBT,XBT/USD,ticker,68318.60000000,0,0.00322609,68318.50000000,11,11.25560929,68318.60000000,0.00037328,168.97119950,1108.79019518,68420.70180000,68499.29907000,6720,27592,68308.10000000,67646.60000000,68632.70000000,68980.30000000,68440.20000000,67764.60000000,2024-10-19 10:05:15
1125899906842796,XBT,XBT/USD,ticker,68347.70000000,0,0.00010000,68347.60000000,0,0.90970367,68347.60000000,0.27511935,170.31967297,1109.60130684,68420.03771000,68499.45852000,6773,27616,68308.10000000,67646.60000000,68632.70000000,68980.30000000,68440.20000000,67761.70000000,2024-10-19 10:09:07
2251799813685282,XBT,XBT/USD,ticker,68318.60000000,7,7.27642939,68317.10000000,0,0.00010000,68318.50000000,0.00023177,166.06169007,1105.94944875,68422.51045000,68499.73206000,6676,27561,68308.10000000,67646.60000000,68632.70000000,68980.30000000,68440.20000000,67759.30000000,2024-10-19 10:02:42
1125899906842746,SOL,SOL/USD,ticker,154.73000000,252,252.00182193,154.72000000,913,913.17235154,154.73000000,51.70133230,17082.09933594,179700.00102710,154.71696000,154.70498000,3707,16327,154.09000000,152.25000000,155.90000000,156.50000000,154.93000000,153.47000000,2024-10-19 10:05:25
1125899906842647,XBT,XBT/USD,ticker,68402.60000000,6,6.24211914,68402.50000000,0,0.42845133,68402.50000000,0.00076935,155.85978618,1118.85255960,68427.10432000,68486.88623000,6304,27594,68308.10000000,67646.60000000,68632.70000000,68980.30000000,68440.20000000,67891.50000000,2024-10-19 09:28:46
1125899906842685,XBT,XBT/USD,ticker,68378.70000000,10,10.36004942,68378.60000000,0,0.00931653,68378.60000000,0.00040167,158.24058740,1116.93898517,68426.55872000,68488.86478000,6356,27570,68308.10000000,67646.60000000,68632.70000000,68980.30000000,68440.20000000,67840.40000000,2024-10-19 09:32:29
1125899906842692,XBT,XBT/USD,ticker,68378.70000000,8,8.98938742,68378.60000000,0,0.00789620,68378.60000000,0.00025941,158.24212973,1116.94051312,68426.55825000,68488.86463000,6361,27574,68308.10000000,67646.60000000,68632.70000000,68980.30000000,68440.20000000,67840.40000000,2024-10-19 09:32:45
1125899906842703,XBT,XBT/USD,ticker,68375.30000000,4,4.39814083,68370.00000000,0,0.02776087,68370.00000000,0.00943913,158.28750805,1116.95623521,68426.54325000,68488.87722000,6373,27575,68308.10000000,67646.60000000,68632.70000000,68980.30000000,68440.20000000,67837.10000000,2024-10-19 09:34:24
1125899906842719,SOL,SOL/USD,ticker,154.72000000,3,3.54182000,154.71000000,302,302.06613762,154.72000000,0.16818000,16674.99864776,179292.90033892,154.71665000,154.70492000,3695,16315,154.09000000,152.25000000,155.90000000,156.50000000,154.93000000,153.47000000,2024-10-19 10:04:34
1125899906842720,XBT,XBT/USD,ticker,68318.60000000,0,0.00300000,68318.50000000,10,10.96185844,68318.50000000,0.08610000,167.39802559,1107.28578427,68421.66227000,68499.51064000,6705,27590,68308.10000000,67646.60000000,68632.70000000,68980.30000000,68440.20000000,67759.30000000,2024-10-19 10:04:34
1125899906842733,XBT,XBT/USD,ticker,68318.60000000,0,0.00325350,68318.50000000,11,11.19860414,68318.60000000,0.00074650,168.97017209,1108.78916777,68420.70242000,68499.29923000,6717,27589,68308.10000000,67646.60000000,68632.70000000,68980.30000000,68440.20000000,67764.60000000,2024-10-19 10:05:03
1125899906842636,XBT,XBT/USD,ticker,68402.60000000,6,6.69511914,68402.50000000,0,0.43414629,68402.50000000,0.00081894,155.85409122,1118.84686464,68427.10522000,68486.88666000,6297,27587,68308.10000000,67646.60000000,68632.70000000,68980.30000000,68440.20000000,67891.50000000,2024-10-19 09:28:26
1125899906842634,XBT,XBT/USD,ticker,68402.60000000,6,6.26911914,68402.50000000,0,0.43496523,68402.60000000,0.00155066,155.85327228,1118.84604570,68427.10535000,68486.88673000,6296,27586,68308.10000000,67646.60000000,68632.70000000,68980.30000000,68440.20000000,67891.50000000,2024-10-19 09:28:20
1125899906842670,XBT,XBT/USD,ticker,68402.60000000,4,4.35790567,68383.20000000,0,0.41367206,68383.20000000,1.04853409,158.21876107,1117.42780893,68426.56494000,68488.57376000,6343,27604,68308.10000000,67646.60000000,68632.70000000,68980.30000000,68440.20000000,67911.80000000,2024-10-19 09:31:18
1125899906842688,XBT,XBT/USD,ticker,68378.70000000,10,10.54738742,68378.60000000,0,0.00910547,68378.60000000,0.00021106,158.24092046,1116.93931823,68426.55862000,68488.86474000,6358,27572,68308.10000000,67646.60000000,68632.70000000,68980.30000000,68440.20000000,67840.40000000,2024-10-19 09:32:35
2251799813685281,XBT,XBT/USD,ticker,68318.60000000,7,7.27641839,68318.50000000,0,0.05880673,68318.60000000,0.00071567,166.00288334,1105.89064202,68422.54730000,68499.74170000,6674,27559,68308.10000000,67646.60000000,68632.70000000,68980.30000000,68440.20000000,67759.30000000,2024-10-19 10:02:39
1125899906842715,XBT,XBT/USD,ticker,68317.20000000,0,0.05378797,68315.20000000,5,5.78645251,68317.20000000,0.00609633,166.95763554,1106.84539422,68421.93473000,68499.58271000,6696,27581,68308.10000000,67646.60000000,68632.70000000,68980.30000000,68440.20000000,67759.30000000,2024-10-19 10:04:26
1125899906842726,XBT,XBT/USD,ticker,68318.60000000,0,0.00400000,68318.50000000,10,10.11932161,68318.50000000,0.13700000,168.62892559,1108.44792127,68420.90924000,68499.35490000,6711,27583,68308.10000000,67646.60000000,68632.70000000,68980.30000000,68440.20000000,67764.60000000,2024-10-19 10:04:45
1125899906842769,XBT,XBT/USD,ticker,68320.00000000,0,0.03269843,68319.90000000,14,14.32896605,68319.90000000,0.00010000,168.97558409,1108.68164238,68420.69916000,68499.37338000,6736,27597,68308.10000000,67646.60000000,68632.70000000,68980.30000000,68440.20000000,67762.60000000,2024-10-19 10:06:40
1125899906842779,ETH,ETH/USD,ticker,2644.40000000,0,0.75256081,2644.39000000,152,152.40439683,2644.40000000,0.01783488,632.36929086,5613.29219759,2644.97520000,2644.69047000,2789,12098,2635.70000000,2612.22000000,2660.99000000,2673.41000000,2641.79000000,2624.89000000,2024-10-19 10:08:01
1125899906842784,XBT,XBT/USD,ticker,68320.00000000,0,0.02180228,68319.90000000,12,12.11694645,68320.00000000,0.00018446,168.98678024,1108.26841411,68420.69249000,68499.65388000,6743,27586,68308.10000000,67646.60000000,68632.70000000,68980.30000000,68440.20000000,67761.70000000,2024-10-19 10:08:22
1125899906842669,SOL,SOL/USD,ticker,154.77000000,697,697.37102292,154.76000000,3,3.43051248,154.76000000,0.53548752,16528.79348546,179360.56744230,154.71658000,154.70353000,3599,16471,154.09000000,152.25000000,155.90000000,156.50000000,154.93000000,153.98000000,2024-10-19 09:30:47
1125899906842745,SOL,SOL/USD,ticker,154.73000000,407,407.10581883,154.72000000,821,821.70662786,154.73000000,51.70133230,16926.99533904,179544.89703020,154.71684000,154.70496000,3704,16324,154.09000000,152.25000000,155.90000000,156.50000000,154.93000000,153.47000000,2024-10-19 10:05:25
1125899906842753,ADA,ADA/USD,ticker,0.35534500,840,840.00000000,0.35513400,14047,14047.47628613,0.35513400,31.69450132,417833.92496291,2689263.85014252,0.35373800,0.34945600,605,1797,0.35036500,0.34394200,0.35679900,0.35679900,0.35073000,0.34660400,2024-10-19 10:05:54
1125899906842775,ADA,ADA/USD,ticker,0.35537200,617,617.89375867,0.35522100,80,80.90911916,0.35537200,222.10624133,418136.92496291,2688959.17043597,0.35373900,0.34945700,607,1797,0.35036500,0.34394200,0.35679900,0.35679900,0.35073000,0.34620600,2024-10-19 10:07:46
1125899906842787,XBT,XBT/USD,ticker,68320.00000000,0,0.02170556,68319.90000000,12,12.11674945,68319.90000000,0.00010000,168.98707696,1108.26871083,68420.69231000,68499.65383000,6746,27589,68308.10000000,67646.60000000,68632.70000000,68980.30000000,68440.20000000,67761.70000000,2024-10-19 10:08:26
1125899906842668,XBT,XBT/USD,ticker,68402.60000000,5,5.35390583,68402.50000000,0,0.41615977,68402.50000000,0.00190686,156.21876107,1115.43149537,68427.04801000,68488.75069000,6327,27589,68308.10000000,67646.60000000,68632.70000000,68980.30000000,68440.20000000,67911.90000000,2024-10-19 09:30:40
1125899906842701,XBT,XBT/USD,ticker,68375.30000000,3,3.96536092,68375.20000000,0,0.00773527,68375.20000000,0.00000493,158.25446231,1116.92318947,68426.55427000,68488.88062000,6368,27570,68308.10000000,67646.60000000,68632.70000000,68980.30000000,68440.20000000,67837.10000000,2024-10-19 09:34:06
1125899906842702,XBT,XBT/USD,ticker,68375.30000000,3,3.94973583,68375.20000000,0,0.00773527,68375.30000000,0.01562509,158.27008740,1116.93881456,68426.54921000,68488.87904000,6369,27571,68308.10000000,67646.60000000,68632.70000000,68980.30000000,68440.20000000,67837.10000000,2024-10-19 09:34:07
2251799813685254,XBT,XBT/USD,ticker,68344.30000000,0,0.17886390,68344.20000000,0,0.04109933,68344.20000000,0.00464000,163.60034601,1103.53486355,68424.01219000,68500.09570000,6622,27521,68308.10000000,67646.60000000,68632.70000000,68980.30000000,68440.20000000,67765.70000000,2024-10-19 09:58:49
1125899906842778,XBT,XBT/USD,ticker,68320.00000000,0,0.02216474,68319.90000000,12,12.27501434,68320.00000000,0.00282189,168.98631778,1108.29107957,68420.69277000,68499.63865000,6740,27595,68308.10000000,67646.60000000,68632.70000000,68980.30000000,68440.20000000,67761.80000000,2024-10-19 10:07:57
1125899906842792,XBT,XBT/USD,ticker,68320.00000000,0,0.02111194,68319.90000000,12,12.79471152,68319.90000000,0.46314904,169.45101962,1108.73265349,68420.41635000,68499.57861000,6750,27593,68308.10000000,67646.60000000,68632.70000000,68980.30000000,68440.20000000,67761.70000000,2024-10-19 10:08:55
2251799813685317,SOL,SOL/USD,ticker,154.93000000,1,1.33771580,154.92000000,130,130.29718418,154.92000000,24.32859769,17607.83371740,179544.36646810,154.71919000,154.71018000,3763,16344,154.09000000,152.25000000,155.90000000,156.50000000,154.93000000,153.52000000,2024-10-19 10:17:12
2251799813685306,ETH,ETH/USD,ticker,2644.47000000,135,135.73064066,2644.46000000,0,0.90490745,2644.47000000,0.00491591,633.79710582,5613.18466688,2644.97390000,2644.69581000,2799,12085,2635.70000000,2612.22000000,2660.99000000,2673.41000000,2641.79000000,2624.89000000,2024-10-19 10:15:16
2251799813685324,XBT,XBT/USD,ticker,68347.70000000,12,12.02972350,68347.60000000,0,0.83470475,68347.70000000,0.02258568,171.47821975,1108.40993892,68419.54835000,68500.81520000,6800,27542,68308.10000000,67646.60000000,68632.70000000,68980.30000000,68440.20000000,67836.90000000,2024-10-19 10:18:55
2251799813685326,XBT,XBT/USD,ticker,68347.70000000,9,9.42776952,68347.60000000,0,0.81481693,68347.70000000,0.00582817,171.50393574,1108.43565491,68419.53757000,68500.81165000,6802,27544,68308.10000000,67646.60000000,68632.70000000,68980.30000000,68440.20000000,67836.90000000,2024-10-19 10:19:02
2251799813685309,SOL,SOL/USD,ticker,154.82000000,98,98.60466903,154.81000000,365,365.68699838,154.82000000,0.00809000,17415.70290740,179352.31358011,154.71760000,154.71001000,3741,16326,154.09000000,152.25000000,155.90000000,156.50000000,154.93000000,153.48000000,2024-10-19 10:15:49
2251799813685311,XBT,XBT/USD,ticker,68347.70000000,13,13.98279481,68347.60000000,0,0.07676014,68347.70000000,0.00014048,171.43022238,1108.98452968,68419.56848000,68500.44709000,6795,27577,68308.10000000,67646.60000000,68632.70000000,68980.30000000,68440.20000000,67786.50000000,2024-10-19 10:16:05
2251799813685313,SOL,SOL/USD,ticker,154.92000000,49,49.50232536,154.91000000,64,64.71942909,154.92000000,4.00000000,17583.33910740,179519.94978011,154.71891000,154.71015000,3760,16345,154.09000000,152.25000000,155.90000000,156.50000000,154.93000000,153.48000000,2024-10-19 10:16:29
2251799813685321,SOL,SOL/USD,ticker,155.01000000,87,87.49962686,154.94000000,0,0.15334564,155.01000000,279.96100381,19074.11309497,181008.96609661,154.73981000,154.71243000,3797,16370,154.09000000,152.25000000,155.90000000,156.50000000,154.93000000,153.58000000,2024-10-19 10:17:45
2251799813685327,SOL,SOL/USD,ticker,154.98000000,173,173.28245159,154.97000000,0,0.02000000,154.98000000,0.99600000,19075.24574497,181000.82793468,154.73983000,154.71249000,3802,16358,154.09000000,152.25000000,155.90000000,156.50000000,154.93000000,153.66000000,2024-10-19 10:19:03
2251799813685310,SOL,SOL/USD,ticker,154.82000000,98,98.60466903,154.81000000,362,362.05079838,154.81000000,3.63620000,17419.33910740,179355.94978011,154.71762000,154.71001000,3742,16327,154.09000000,152.25000000,155.90000000,156.50000000,154.93000000,153.48000000,2024-10-19 10:15:56
2251799813685329,ETH,ETH/USD,ticker,2644.47000000,116,116.55073726,2644.46000000,1,1.06590745,2644.47000000,0.00949960,633.80660542,5611.57106395,2644.97390000,2644.70152000,2800,12073,2635.70000000,2612.22000000,2660.99000000,2673.41000000,2641.79000000,2624.99000000,2024-10-19 10:19:04
1125899906842800,XBT,XBT/USD,ticker,68347.70000000,14,14.41911191,68347.60000000,0,0.07676014,68347.60000000,0.00040000,171.43008190,1109.01453301,68419.56853000,68500.42774000,6794,27582,68308.10000000,67646.60000000,68632.70000000,68980.30000000,68440.20000000,67787.70000000,2024-10-19 10:14:30
2251799813685312,SOL,SOL/USD,ticker,154.92000000,8,8.22095746,154.81000000,616,616.58093769,154.92000000,26.44513588,17579.33910740,179515.94978011,154.71886000,154.71014000,3759,16344,154.09000000,152.25000000,155.90000000,156.50000000,154.93000000,153.48000000,2024-10-19 10:16:20
2251799813685322,XBT,XBT/USD,ticker,68347.70000000,13,13.76567840,68347.60000000,0,0.06960151,68347.60000000,0.00789018,171.44946089,1108.88385301,68419.56041000,68500.51817000,6798,27544,68308.10000000,67646.60000000,68632.70000000,68980.30000000,68440.20000000,67836.90000000,2024-10-19 10:18:15
2251799813685328,XBT,XBT/USD,ticker,68347.70000000,10,10.37680188,68347.60000000,0,0.77665635,68347.60000000,0.00096058,171.50489632,1108.43661549,68419.53717000,68500.81152000,6803,27545,68308.10000000,67646.60000000,68632.70000000,68980.30000000,68440.20000000,67836.90000000,2024-10-19 10:19:04
2251799813685300,SOL,SOL/USD,ticker,154.82000000,100,100.49746903,154.81000000,346,346.61316506,154.82000000,0.45741000,17413.10551740,179349.83826810,154.71759000,154.71001000,3734,16326,154.09000000,152.25000000,155.90000000,156.50000000,154.93000000,153.42000000,2024-10-19 10:14:29
1125899906842663,XBT,XBT/USD,ticker,68402.60000000,5,5.45502679,68402.50000000,0,0.42467572,68402.60000000,0.00016600,156.21024512,1119.20301854,68427.04935000,68486.85984000,6322,27612,68308.10000000,67646.60000000,68632.70000000,68980.30000000,68440.20000000,67891.50000000,2024-10-19 09:30:12
1125899906842664,XBT,XBT/USD,ticker,68402.60000000,5,5.59288748,68402.50000000,0,0.42330136,68402.50000000,0.00137436,156.21161948,1119.20379883,68427.04913000,68486.86005000,6323,27612,68308.10000000,67646.60000000,68632.70000000,68980.30000000,68440.20000000,67891.50000000,2024-10-19 09:30:20
1125899906842679,XBT,XBT/USD,ticker,68381.80000000,6,6.26940358,68381.70000000,0,0.01089000,68381.80000000,0.00017222,158.22428949,1116.92332203,68426.56365000,68488.86602000,6350,27566,68308.10000000,67646.60000000,68632.70000000,68980.30000000,68440.20000000,67840.30000000,2024-10-19 09:32:12
1125899906842693,ETH,ETH/USD,ticker,2646.29000000,127,127.00370099,2646.28000000,1,1.01337727,2646.28000000,0.02148641,621.10420371,5937.25403722,2644.96440000,2643.44675000,2712,12240,2635.70000000,2612.22000000,2660.99000000,2673.41000000,2641.79000000,2626.10000000,2024-10-19 09:33:00
1125899906842698,XBT,XBT/USD,ticker,68375.30000000,4,4.92596074,68375.20000000,0,0.00010000,68375.30000000,0.00931972,158.25188695,1116.93543121,68426.55510000,68488.87224000,6364,27568,68308.10000000,67646.60000000,68632.70000000,68980.30000000,68440.20000000,67843.30000000,2024-10-19 09:33:41
2251799813685273,XBT,XBT/USD,ticker,68324.80000000,3,3.59042193,68320.00000000,0,0.05130842,68324.80000000,0.06857230,165.87344778,1105.76688906,68422.62787000,68499.75901000,6666,27554,68308.10000000,67646.60000000,68632.70000000,68980.30000000,68440.20000000,67759.20000000,2024-10-19 10:01:46
2251799813685276,ETH,ETH/USD,ticker,2645.35000000,221,221.24604008,2645.34000000,0,0.52918000,2645.35000000,2.19568259,630.28586356,5611.22543386,2644.97782000,2644.69060000,2762,12072,2635.70000000,2612.22000000,2660.99000000,2673.41000000,2641.79000000,2624.89000000,2024-10-19 10:02:03
2251799813685288,ETH,ETH/USD,ticker,2644.09000000,144,144.30380892,2644.08000000,0,0.14833136,2644.09000000,0.33335132,630.64945252,5611.58902282,2644.97732000,2644.69056000,2773,12083,2635.70000000,2612.22000000,2660.99000000,2673.41000000,2641.79000000,2624.89000000,2024-10-19 10:03:30
1125899906842740,ETH,ETH/USD,ticker,2644.16000000,0,0.14663085,2644.09000000,246,246.19563564,2644.10000000,0.07314329,631.58489090,5612.52446120,2644.97601000,2644.69046000,2779,12089,2635.70000000,2612.22000000,2660.99000000,2673.41000000,2641.79000000,2624.89000000,2024-10-19 10:05:22
1125899906842750,SOL,SOL/USD,ticker,154.73000000,303,303.70315423,154.72000000,821,821.70662786,154.73000000,51.70133230,17030.39800364,179648.29969480,154.71692000,154.70497000,3706,16326,154.09000000,152.25000000,155.90000000,156.50000000,154.93000000,153.47000000,2024-10-19 10:05:25
1125899906842756,XBT,XBT/USD,ticker,68318.60000000,0,0.00089175,68318.50000000,13,13.04731065,68318.60000000,0.00010825,168.97353384,1108.78959213,68420.70039000,68499.30063000,6725,27595,68308.10000000,67646.60000000,68632.70000000,68980.30000000,68440.20000000,67762.70000000,2024-10-19 10:06:15
1125899906842781,SOL,SOL/USD,ticker,154.82000000,84,84.90364376,154.81000000,788,788.24867217,154.82000000,0.25000000,17356.26442267,179967.48782517,154.71728000,154.70508000,3725,16341,154.09000000,152.25000000,155.90000000,156.50000000,154.93000000,153.45000000,2024-10-19 10:08:09
1125899906842785,XBT,XBT/USD,ticker,68320.00000000,0,0.02180228,68319.90000000,12,12.11684945,68319.90000000,0.00010000,168.98688024,1108.26851411,68420.69243000,68499.65386000,6744,27587,68308.10000000,67646.60000000,68632.70000000,68980.30000000,68440.20000000,67761.70000000,2024-10-19 10:08:24
1125899906842651,XBT,XBT/USD,ticker,68402.60000000,6,6.24211914,68402.50000000,0,0.42675144,68402.50000000,0.00073038,155.86148607,1118.85425949,68427.10405000,68486.88611000,6307,27597,68308.10000000,67646.60000000,68632.70000000,68980.30000000,68440.20000000,67891.50000000,2024-10-19 09:28:59
2251799813685286,XBT,XBT/USD,ticker,68317.20000000,8,8.62550001,68317.10000000,0,0.00010000,68317.20000000,0.00010000,166.06703626,1105.95479494,68422.50706000,68499.73118000,6679,27564,68308.10000000,67646.60000000,68632.70000000,68980.30000000,68440.20000000,67759.30000000,2024-10-19 10:03:03
1125899906842714,XBT,XBT/USD,ticker,68315.30000000,13,13.55731092,68315.20000000,5,5.68499470,68315.30000000,0.00015520,166.94817005,1106.83592873,68421.94071000,68499.58428000,6690,27575,68308.10000000,67646.60000000,68632.70000000,68980.30000000,68440.20000000,67759.30000000,2024-10-19 10:04:10
1125899906842755,SOL,SOL/USD,ticker,154.81000000,3,3.35598480,154.73000000,1135,1135.91232422,154.81000000,0.57524000,17334.86639787,179946.23854284,154.71716000,154.70506000,3723,16340,154.09000000,152.25000000,155.90000000,156.50000000,154.93000000,153.46000000,2024-10-19 10:06:10
1125899906842776,ADA,ADA/USD,ticker,0.35537300,840,840.00000000,0.35522800,9201,9201.17730699,0.35522800,4874.28971700,423011.21467991,2693833.46015297,0.35375600,0.34946700,608,1798,0.35036500,0.34394200,0.35679900,0.35679900,0.35073000,0.34620600,2024-10-19 10:07:48
1125899906842788,XBT,XBT/USD,ticker,68320.00000000,0,0.02170556,68319.90000000,12,12.11664945,68319.90000000,0.00010000,168.98717696,1108.26881083,68420.69226000,68499.65381000,6747,27590,68308.10000000,67646.60000000,68632.70000000,68980.30000000,68440.20000000,67761.70000000,2024-10-19 10:08:27
1125899906842642,SOL,SOL/USD,ticker,154.77000000,440,440.45984456,154.76000000,10,10.09847248,154.77000000,1.14583000,16491.18012324,179326.30488008,154.71647000,154.70350000,3592,16484,154.09000000,152.25000000,155.90000000,156.50000000,154.93000000,153.83000000,2024-10-19 09:28:35
1125899906842655,XBT,XBT/USD,ticker,68402.60000000,7,7.53306562,68402.50000000,0,0.42467572,68402.50000000,0.00032908,155.86411346,1118.85688688,68427.10364000,68486.88591000,6311,27601,68308.10000000,67646.60000000,68632.70000000,68980.30000000,68440.20000000,67891.50000000,2024-10-19 09:29:08
1125899906842660,SOL,SOL/USD,ticker,154.77000000,1212,1212.09416377,154.76000000,10,10.09847248,154.77000000,1.00000000,16521.25552546,179356.38028230,154.71656000,154.70351000,3595,16487,154.09000000,152.25000000,155.90000000,156.50000000,154.93000000,153.83000000,2024-10-19 09:29:53
1125899906842667,XBT,XBT/USD,ticker,68402.60000000,5,5.59288748,68402.50000000,0,0.41806663,68402.50000000,0.00127368,156.21685421,1115.43080181,68427.04831000,68488.75023000,6326,27589,68308.10000000,67646.60000000,68632.70000000,68980.30000000,68440.20000000,67922.50000000,2024-10-19 09:30:25
1125899906842686,XBT,XBT/USD,ticker,68378.70000000,10,10.35992742,68378.60000000,0,0.00931653,68378.70000000,0.00012200,158.24070940,1116.93910717,68426.55869000,68488.86476000,6357,27571,68308.10000000,67646.60000000,68632.70000000,68980.30000000,68440.20000000,67840.40000000,2024-10-19 09:32:30
1125899906842689,SOL,SOL/USD,ticker,154.77000000,2209,2209.84017115,154.65000000,58,58.23391969,154.65000000,6.42787557,16582.14096389,179403.57492073,154.71659000,154.70357000,3623,16474,154.09000000,152.25000000,155.90000000,156.50000000,154.93000000,153.80000000,2024-10-19 09:32:39
2251799813685252,XBT,XBT/USD,ticker,68344.30000000,0,0.17886390,68344.20000000,0,0.04332907,68344.20000000,0.00344322,163.59570601,1103.53165603,68424.01445000,68500.09540000,6621,27523,68308.10000000,67646.60000000,68632.70000000,68980.30000000,68440.20000000,67765.80000000,2024-10-19 09:58:28
2251799813685270,XBT,XBT/USD,ticker,68343.80000000,12,12.93380994,68320.10000000,2,2.91922912,68320.10000000,0.74001392,165.01146549,1104.90520045,68423.15243000,68499.89733000,6649,27538,68308.10000000,67646.60000000,68632.70000000,68980.30000000,68440.20000000,67759.30000000,2024-10-19 10:01:15
2251799813685297,SOL,SOL/USD,ticker,154.73000000,45,45.19649273,154.72000000,913,913.17235154,154.73000000,51.70133230,17288.90466514,179906.80635630,154.71712000,154.70501000,3711,16331,154.09000000,152.25000000,155.90000000,156.50000000,154.93000000,153.47000000,2024-10-19 10:05:25
1125899906842749,SOL,SOL/USD,ticker,154.74000000,0,0.02000000,154.72000000,913,913.17235154,154.73000000,0.02000000,17334.10115787,179952.00284903,154.71715000,154.70501000,3713,16333,154.09000000,152.25000000,155.90000000,156.50000000,154.93000000,153.47000000,2024-10-19 10:05:25
1125899906842774,XBT,XBT/USD,ticker,68320.00000000,0,0.02498663,68319.90000000,15,15.17642704,68320.00000000,0.00771180,168.98349589,1108.68955418,68420.69445000,68499.37210000,6739,27600,68308.10000000,67646.60000000,68632.70000000,68980.30000000,68440.20000000,67762.60000000,2024-10-19 10:07:12
1125899906842793,XBT,XBT/USD,ticker,68320.00000000,0,0.02046183,68319.90000000,13,13.30597953,68320.00000000,0.00065011,169.45166973,1108.73330360,68420.41597000,68499.57851000,6751,27594,68308.10000000,67646.60000000,68632.70000000,68980.30000000,68440.20000000,67761.70000000,2024-10-19 10:09:01
1125899906842631,ETH,ETH/USD,ticker,2646.29000000,0,0.11103475,2646.28000000,110,110.26224027,2646.28000000,0.65000000,620.98869517,5942.66770067,2644.96415000,2643.43220000,2706,12277,2635.70000000,2612.22000000,2660.99000000,2673.41000000,2641.79000000,2629.92000000,2024-10-19 09:28:00
1125899906842632,XBT,XBT/USD,ticker,68402.60000000,4,4.67221507,68402.50000000,0,0.43496523,68402.50000000,0.01461934,155.85017096,1118.85314438,68427.10584000,68486.88154000,6294,27585,68308.10000000,67646.60000000,68632.70000000,68980.30000000,68440.20000000,67891.90000000,2024-10-19 09:28:10
1125899906842638,SOL,SOL/USD,ticker,154.77000000,441,441.43602989,154.76000000,10,10.07847248,154.76000000,0.03852752,16490.03429324,179325.15905008,154.71646000,154.70350000,3591,16483,154.09000000,152.25000000,155.90000000,156.50000000,154.93000000,153.83000000,2024-10-19 09:28:28
1125899906842649,SOL,SOL/USD,ticker,154.77000000,917,917.07626277,154.76000000,10,10.09847248,154.77000000,14.09246004,16520.25552546,179355.38028230,154.71656000,154.70351000,3594,16486,154.09000000,152.25000000,155.90000000,156.50000000,154.93000000,153.83000000,2024-10-19 09:28:54
1125899906842690,XBT,XBT/USD,ticker,68378.70000000,10,10.54738742,68378.60000000,0,0.00884217,68378.60000000,0.00026330,158.24118376,1116.93956715,68426.55854000,68488.86473000,6359,27572,68308.10000000,67646.60000000,68632.70000000,68980.30000000,68440.20000000,67840.40000000,2024-10-19 09:32:41
1125899906842691,XBT,XBT/USD,ticker,68378.70000000,10,10.54738742,68378.60000000,0,0.00815561,68378.60000000,0.00068656,158.24187032,1116.94025371,68426.55833000,68488.86466000,6360,27573,68308.10000000,67646.60000000,68632.70000000,68980.30000000,68440.20000000,67840.40000000,2024-10-19 09:32:43
2251799813685287,SOL,SOL/USD,ticker,154.73000000,1273,1273.67952879,154.71000000,0,0.16221073,154.72000000,0.02000000,16673.04251776,179290.94420892,154.71665000,154.70492000,3691,16311,154.09000000,152.25000000,155.90000000,156.50000000,154.93000000,153.47000000,2024-10-19 10:03:26
1125899906842717,XBT,XBT/USD,ticker,68318.60000000,0,0.15320000,68318.50000000,6,6.05535981,68318.50000000,0.00774296,167.25802559,1107.14578427,68421.74862000,68499.53353000,6702,27587,68308.10000000,67646.60000000,68632.70000000,68980.30000000,68440.20000000,67759.30000000,2024-10-19 10:04:28
1125899906842732,XBT,XBT/USD,ticker,68318.60000000,0,0.00400000,68318.50000000,10,10.01990783,68318.50000000,0.06960000,168.96942559,1108.78842127,68420.70287000,68499.29936000,6716,27588,68308.10000000,67646.60000000,68632.70000000,68980.30000000,68440.20000000,67764.60000000,2024-10-19 10:04:56
1125899906842790,XBT,XBT/USD,ticker,68320.00000000,0,0.02111194,68319.90000000,12,12.33713226,68319.90000000,0.00010000,168.98787058,1108.26950445,68420.69184000,68499.65370000,6749,27592,68308.10000000,67646.60000000,68632.70000000,68980.30000000,68440.20000000,67761.70000000,2024-10-19 10:08:34
1125899906842794,XBT,XBT/USD,ticker,68347.60000000,0,0.29264719,68319.90000000,13,13.34290499,68347.60000000,0.07855281,169.59166973,1108.87330360,68420.34866000,68499.55822000,6769,27612,68308.10000000,67646.60000000,68632.70000000,68980.30000000,68440.20000000,67761.70000000,2024-10-19 10:09:06
1125899906842674,SOL,SOL/USD,ticker,154.77000000,485,485.57966654,154.76000000,0,0.02000000,154.77000000,6.46120049,16545.59503357,179367.22899041,154.71663000,154.70357000,3605,16466,154.09000000,152.25000000,155.90000000,156.50000000,154.93000000,153.90000000,2024-10-19 09:31:42
1125899906842763,XBT,XBT/USD,ticker,68320.00000000,0,0.03269843,68319.90000000,12,12.78391488,68319.90000000,0.00010000,168.97448409,1108.68054238,68420.69982000,68499.37356000,6730,27591,68308.10000000,67646.60000000,68632.70000000,68980.30000000,68440.20000000,67762.60000000,2024-10-19 10:06:34
1125899906842766,XBT,XBT/USD,ticker,68320.00000000,0,0.03269843,68319.90000000,11,11.01974729,68319.90000000,0.00010000,168.97528409,1108.68134238,68420.69934000,68499.37343000,6733,27594,68308.10000000,67646.60000000,68632.70000000,68980.30000000,68440.20000000,67762.60000000,2024-10-19 10:06:38
1125899906842643,XBT,XBT/USD,ticker,68402.60000000,6,6.24211914,68402.50000000,0,0.43190952,68402.50000000,0.00025886,155.85632799,1118.84910141,68427.10487000,68486.88650000,6301,27591,68308.10000000,67646.60000000,68632.70000000,68980.30000000,68440.20000000,67891.50000000,2024-10-19 09:28:37
1125899906842684,XBT,XBT/USD,ticker,68378.70000000,10,10.36004942,68378.60000000,0,0.00971820,68378.60000000,0.00045542,158.24018573,1116.93858350,68426.55884000,68488.86482000,6355,27569,68308.10000000,67646.60000000,68632.70000000,68980.30000000,68440.20000000,67840.40000000,2024-10-19 09:32:27
1125899906842707,ADA,ADA/USD,ticker,0.35510100,129464,129464.35132977,0.35501300,28,28.16964889,0.35510000,63.91279129,414225.71509179,2687082.42852242,0.35372700,0.34944700,589,1795,0.35036500,0.34394200,0.35679900,0.35679900,0.35073000,0.34686900,2024-10-19 09:35:16
2251799813685275,XBT,XBT/USD,ticker,68320.10000000,0,0.33990178,68320.00000000,0,0.01447539,68320.10000000,0.00645193,165.88005465,1105.77349593,68422.62379000,68499.75794000,6668,27556,68308.10000000,67646.60000000,68632.70000000,68980.30000000,68440.20000000,67759.20000000,2024-10-19 10:02:02
2251799813685277,ADA,ADA/USD,ticker,0.35498000,840,840.00000000,0.35483000,14034,14034.89677705,0.35483000,56.35819011,417693.15166705,2689123.07684666,0.35373800,0.34945500,602,1794,0.35036500,0.34394200,0.35679900,0.35679900,0.35073000,0.34660400,2024-10-19 10:02:05
1125899906842718,XBT,XBT/USD,ticker,68318.60000000,0,0.00300000,68318.50000000,10,10.26359450,68318.50000000,0.02893777,167.31192559,1107.19968427,68421.71536000,68499.52471000,6704,27589,68308.10000000,67646.60000000,68632.70000000,68980.30000000,68440.20000000,67759.30000000,2024-10-19 10:04:31
1125899906842737,ETH,ETH/USD,ticker,2644.09000000,0,0.52115191,2644.08000000,218,218.07793600,2644.09000000,0.12884809,630.93289604,5611.87246634,2644.97692000,2644.69053000,2775,12085,2635.70000000,2612.22000000,2660.99000000,2673.41000000,2641.79000000,2624.89000000,2024-10-19 10:05:18
1125899906842765,XBT,XBT/USD,ticker,68320.00000000,0,0.03269843,68319.90000000,13,13.01132809,68319.90000000,0.00040000,168.97518409,1108.68124238,68420.69940000,68499.37345000,6732,27593,68308.10000000,67646.60000000,68632.70000000,68980.30000000,68440.20000000,67762.60000000,2024-10-19 10:06:37
2251799813685299,XBT,XBT/USD,ticker,68320.00000000,0,0.02198674,68319.90000000,12,12.49541307,68320.00000000,0.00017800,168.98649578,1108.28125757,68420.69266000,68499.64523000,6741,27589,68308.10000000,67646.60000000,68632.70000000,68980.30000000,68440.20000000,67764.10000000,2024-10-19 10:08:11
1125899906842633,XBT,XBT/USD,ticker,68402.60000000,6,6.27066980,68402.50000000,0,0.43496523,68402.60000000,0.00155066,155.85172162,1118.84449504,68427.10560000,68486.88684000,6295,27585,68308.10000000,67646.60000000,68632.70000000,68980.30000000,68440.20000000,67891.50000000,2024-10-19 09:28:20
1125899906842635,SOL,SOL/USD,ticker,154.77000000,329,329.66317807,154.76000000,10,10.13700000,154.77000000,0.99600000,16489.97576572,179325.10052256,154.71646000,154.70350000,3589,16481,154.09000000,152.25000000,155.90000000,156.50000000,154.93000000,153.83000000,2024-10-19 09:28:20
1125899906842637,XBT,XBT/USD,ticker,68402.60000000,6,6.69511914,68402.50000000,0,0.43297684,68402.50000000,0.00116945,155.85526067,1118.84803409,68427.10504000,68486.88658000,6298,27588,68308.10000000,67646.60000000,68632.70000000,68980.30000000,68440.20000000,67891.50000000,2024-10-19 09:28:28
1125899906842653,XBT,XBT/USD,ticker,68402.60000000,6,6.30006562,68402.50000000,0,0.42572837,68402.60000000,0.00055167,155.86306081,1118.85583423,68427.10381000,68486.88599000,6309,27599,68308.10000000,67646.60000000,68632.70000000,68980.30000000,68440.20000000,67891.50000000,2024-10-19 09:29:01
1125899906842673,SOL,SOL/USD,ticker,154.77000000,184,184.03753996,154.76000000,235,235.70226648,154.76000000,4.04220683,16539.13383308,179360.76778992,154.71661000,154.70357000,3604,16465,154.09000000,152.25000000,155.90000000,156.50000000,154.93000000,153.90000000,2024-10-19 09:31:31
2251799813685280,XBT,XBT/USD,ticker,68318.60000000,1,1.16728586,68318.50000000,0,0.05880673,68318.50000000,0.03400000,166.00216767,1105.88992635,68422.54774000,68499.74181000,6673,27558,68308.10000000,67646.60000000,68632.70000000,68980.30000000,68440.20000000,67759.30000000,2024-10-19 10:02:35
1125899906842716,XBT,XBT/USD,ticker,68318.60000000,0,0.21244088,68317.10000000,5,5.98691216,68318.60000000,0.12745912,167.25028263,1107.13804131,68421.75340000,68499.53479000,6701,27586,68308.10000000,67646.60000000,68632.70000000,68980.30000000,68440.20000000,67759.30000000,2024-10-19 10:04:27
1125899906842795,XBT,XBT/USD,ticker,68347.70000000,0,0.00010000,68347.60000000,1,1.60834473,68347.60000000,0.00010000,169.59176973,1108.87340360,68420.34862000,68499.55820000,6770,27613,68308.10000000,67646.60000000,68632.70000000,68980.30000000,68440.20000000,67761.70000000,2024-10-19 10:09:06
1125899906842628,SOL,SOL/USD,ticker,154.77000000,217,217.12477218,154.76000000,82,82.75441586,154.77000000,0.60662499,16488.97976572,179324.26705018,154.71646000,154.70350000,3588,16481,154.09000000,152.25000000,155.90000000,156.50000000,154.93000000,153.82000000,2024-10-19 09:27:53
1125899906842676,SOL,SOL/USD,ticker,154.77000000,2175,2175.81605427,154.76000000,0,0.02000000,154.77000000,0.08895000,16545.68398357,179367.11794041,154.71663000,154.70357000,3606,16457,154.09000000,152.25000000,155.90000000,156.50000000,154.93000000,153.80000000,2024-10-19 09:31:59
1125899906842687,ETH,ETH/USD,ticker,2646.29000000,126,126.65344290,2646.28000000,0,0.00425184,2646.29000000,0.00223345,621.04632914,5937.20496300,2644.96428000,2643.44670000,2709,12238,2635.70000000,2612.22000000,2660.99000000,2673.41000000,2641.79000000,2626.11000000,2024-10-19 09:32:32
2251799813685250,ADA,ADA/USD,ticker,0.35508800,840,840.00000000,0.35497200,14166,14166.58231756,0.35496900,776.37313230,417495.98234035,2688925.90751996,0.35373700,0.34945500,599,1791,0.35036500,0.34394200,0.35679900,0.35679900,0.35073000,0.34660400,2024-10-19 09:58:21
2251799813685264,XBT,XBT/USD,ticker,68343.80000000,10,10.60432250,68343.70000000,0,0.04986832,68343.70000000,0.00013168,163.60558549,1103.53281469,68424.00962000,68500.09980000,6629,27522,68308.10000000,67646.60000000,68632.70000000,68980.30000000,68440.20000000,67765.70000000,2024-10-19 10:00:45
1125899906842738,ETH,ETH/USD,ticker,2644.10000000,0,0.08514329,2644.08000000,218,218.35681758,2644.10000000,0.04569966,631.49974761,5612.43931791,2644.97613000,2644.69047000,2777,12087,2635.70000000,2612.22000000,2660.99000000,2673.41000000,2641.79000000,2624.89000000,2024-10-19 10:05:18
1125899906842742,SOL,SOL/USD,ticker,154.73000000,603,603.85916921,154.72000000,899,899.29736692,154.73000000,51.70152090,16730.24198866,179348.14367982,154.71669000,154.70493000,3699,16319,154.09000000,152.25000000,155.90000000,156.50000000,154.93000000,153.47000000,2024-10-19 10:05:25
2251799813685294,SOL,SOL/USD,ticker,154.73000000,515,515.33504246,154.72000000,899,899.29736692,154.73000000,51.70133230,16818.76611541,179436.66780657,154.71676000,154.70494000,3701,16321,154.09000000,152.25000000,155.90000000,156.50000000,154.93000000,153.47000000,2024-10-19 10:05:25
1125899906842748,SOL,SOL/USD,ticker,154.73000000,96,96.89782503,154.72000000,913,913.17235154,154.73000000,51.70133230,17237.20333284,179855.10502400,154.71708000,154.70500000,3710,16330,154.09000000,152.25000000,155.90000000,156.50000000,154.93000000,153.47000000,2024-10-19 10:05:25
1125899906842789,XBT,XBT/USD,ticker,68320.00000000,0,0.02111194,68319.90000000,12,12.33691638,68320.00000000,0.00059362,168.98777058,1108.26940445,68420.69190000,68499.65372000,6748,27591,68308.10000000,67646.60000000,68632.70000000,68980.30000000,68440.20000000,67761.70000000,2024-10-19 10:08:33
1125899906842678,XBT,XBT/USD,ticker,68381.80000000,2,2.58074153,68381.70000000,0,0.01089000,68381.80000000,0.00155158,158.22411727,1116.92340044,68426.56370000,68488.86589000,6349,27566,68308.10000000,67646.60000000,68632.70000000,68980.30000000,68440.20000000,67840.40000000,2024-10-19 09:32:02
1125899906842704,XBT,XBT/USD,ticker,68368.40000000,0,0.35484657,68368.30000000,0,0.03730000,68368.40000000,0.01462518,158.30213323,1116.74454176,68426.53787000,68489.00773000,6374,27573,68308.10000000,67646.60000000,68632.70000000,68980.30000000,68440.20000000,67833.70000000,2024-10-19 09:34:38
1125899906842713,XBT,XBT/USD,ticker,68315.30000000,13,13.55746612,68315.20000000,5,5.68499470,68315.20000000,0.25000000,166.94801485,1106.83577353,68421.94081000,68499.58430000,6689,27574,68308.10000000,67646.60000000,68632.70000000,68980.30000000,68440.20000000,67759.30000000,2024-10-19 10:04:05
1125899906842722,XBT,XBT/USD,ticker,68318.60000000,0,0.00300000,68318.50000000,10,10.91875844,68318.50000000,0.00010000,167.44112559,1107.32888427,68421.63572000,68499.50359000,6707,27592,68308.10000000,67646.60000000,68632.70000000,68980.30000000,68440.20000000,67759.30000000,2024-10-19 10:04:38
1125899906842751,ETH,ETH/USD,ticker,2644.40000000,0,0.00200000,2644.26000000,228,228.66338141,2644.29000000,0.20758480,631.94110655,5612.88067685,2644.97559000,2644.69043000,2782,12092,2635.70000000,2612.22000000,2660.99000000,2673.41000000,2641.79000000,2624.89000000,2024-10-19 10:05:26
1125899906842759,ETH,ETH/USD,ticker,2644.40000000,0,0.71589256,2644.39000000,191,191.78740104,2644.40000000,0.05450313,632.19046090,5613.13003120,2644.97536000,2644.69042000,2786,12096,2635.70000000,2612.22000000,2660.99000000,2673.41000000,2641.79000000,2624.89000000,2024-10-19 10:06:28
1125899906842656,XBT,XBT/USD,ticker,68402.60000000,7,7.53056562,68402.50000000,0,0.42467572,68402.60000000,0.00250000,155.86661346,1118.85938688,68427.10325000,68486.88572000,6312,27602,68308.10000000,67646.60000000,68632.70000000,68980.30000000,68440.20000000,67891.50000000,2024-10-19 09:29:08
1125899906842680,SOL,SOL/USD,ticker,154.77000000,2136,2136.92296776,154.76000000,1,1.63641390,154.77000000,6.44827809,16552.13226166,179373.56621850,154.71665000,154.70358000,3607,16458,154.09000000,152.25000000,155.90000000,156.50000000,154.93000000,153.80000000,2024-10-19 09:32:14
1125899906842709,ETH,ETH/USD,ticker,2646.29000000,140,140.81652785,2646.28000000,0,0.30933214,2646.28000000,0.06566786,625.63352203,5937.93576462,2644.97398000,2643.46234000,2731,12213,2635.70000000,2612.22000000,2660.99000000,2673.41000000,2641.79000000,2621.78000000,2024-10-19 09:35:47
2251799813685261,ETH,ETH/USD,ticker,2645.35000000,0,0.97817959,2645.34000000,125,125.89314809,2645.35000000,0.01862176,627.71218138,5608.96062325,2644.97629000,2644.68920000,2756,12074,2635.70000000,2612.22000000,2660.99000000,2673.41000000,2641.79000000,2624.90000000,2024-10-19 10:00:00
1125899906842725,XBT,XBT/USD,ticker,68318.60000000,0,0.00400000,68318.50000000,10,10.25632161,68318.50000000,0.49250000,168.49192559,1108.31092127,68420.99251000,68499.37725000,6710,27582,68308.10000000,67646.60000000,68632.70000000,68980.30000000,68440.20000000,67764.60000000,2024-10-19 10:04:44
1125899906842739,ETH,ETH/USD,ticker,2644.10000000,0,0.07314329,2644.09000000,239,239.42465145,2644.10000000,0.01200000,631.51174761,5612.45131791,2644.97611000,2644.69047000,2778,12088,2635.70000000,2612.22000000,2660.99000000,2673.41000000,2641.79000000,2624.89000000,2024-10-19 10:05:22
1125899906842760,XBT,XBT/USD,ticker,68320.00000000,0,0.03269843,68319.90000000,12,12.78497145,68319.90000000,0.00010000,168.97418409,1108.68024238,68420.70000000,68499.37361000,6727,27588,68308.10000000,67646.60000000,68632.70000000,68980.30000000,68440.20000000,67762.60000000,2024-10-19 10:06:32
1125899906842646,XBT,XBT/USD,ticker,68402.60000000,6,6.24211914,68402.50000000,0,0.42922068,68402.50000000,0.00131531,155.85901683,1118.85179025,68427.10444000,68486.88629000,6303,27593,68308.10000000,67646.60000000,68632.70000000,68980.30000000,68440.20000000,67891.50000000,2024-10-19 09:28:45
1125899906842683,XBT,XBT/USD,ticker,68378.70000000,10,10.36004942,68378.60000000,0,0.01017362,68378.70000000,0.01462444,158.23973031,1116.93812808,68426.55898000,68488.86486000,6354,27568,68308.10000000,67646.60000000,68632.70000000,68980.30000000,68440.20000000,67840.40000000,2024-10-19 09:32:24
1125899906842743,SOL,SOL/USD,ticker,154.73000000,567,567.03637476,154.72000000,899,899.29736692,154.73000000,36.82279445,16767.06478311,179384.96647427,154.71672000,154.70494000,3700,16320,154.09000000,152.25000000,155.90000000,156.50000000,154.93000000,153.47000000,2024-10-19 10:05:25
1125899906842762,XBT,XBT/USD,ticker,68320.00000000,0,0.03269843,68319.90000000,12,12.78477145,68319.90000000,0.00010000,168.97438409,1108.68044238,68420.69988000,68499.37358000,6729,27590,68308.10000000,67646.60000000,68632.70000000,68980.30000000,68440.20000000,67762.60000000,2024-10-19 10:06:33
1125899906842626,ADA,ADA/USD,ticker,0.35507400,840,840.00000000,0.35492600,35,35.15115643,0.35492700,4.45982733,412675.80230050,2686288.91072903,0.35372300,0.34944300,585,1798,0.35036500,0.34394200,0.35679900,0.35679900,0.35073000,0.34756000,2024-10-19 09:27:31
1125899906842641,XBT,XBT/USD,ticker,68402.60000000,6,6.24211914,68402.50000000,0,0.43216838,68402.50000000,0.00051617,155.85606913,1118.84884255,68427.10491000,68486.88651000,6300,27590,68308.10000000,67646.60000000,68632.70000000,68980.30000000,68440.20000000,67891.50000000,2024-10-19 09:28:34
1125899906842654,XBT,XBT/USD,ticker,68402.60000000,7,7.53306562,68402.50000000,0,0.42500480,68402.50000000,0.00072357,155.86378438,1118.85655780,68427.10369000,68486.88593000,6310,27600,68308.10000000,67646.60000000,68632.70000000,68980.30000000,68440.20000000,67891.50000000,2024-10-19 09:29:06
1125899906842705,XBT,XBT/USD,ticker,68368.40000000,4,4.40612285,68368.30000000,0,0.00010000,68368.40000000,0.00069883,158.30283206,1116.21049413,68426.53762000,68489.33329000,6375,27531,68308.10000000,67646.60000000,68632.70000000,68980.30000000,68440.20000000,67797.70000000,2024-10-19 09:35:04
2251799813685253,SOL,SOL/USD,ticker,154.73000000,655,655.54069011,154.72000000,714,714.10028938,154.73000000,11.31002391,16666.50440924,179308.07481878,154.71665000,154.70476000,3687,16353,154.09000000,152.25000000,155.90000000,156.50000000,154.93000000,153.50000000,2024-10-19 09:58:34
2251799813685289,XBT,XBT/USD,ticker,68317.20000000,10,10.37259580,68315.20000000,6,6.55116644,68315.20000000,0.01450685,166.08174311,1105.96950179,68422.49756000,68499.72872000,6683,27568,68308.10000000,67646.60000000,68632.70000000,68980.30000000,68440.20000000,67759.30000000,2024-10-19 10:03:31
1125899906842741,ETH,ETH/USD,ticker,2644.27000000,0,0.00200000,2644.15000000,137,137.88290037,2644.16000000,0.14663085,631.73152175,5612.67109205,2644.97582000,2644.69045000,2780,12090,2635.70000000,2612.22000000,2660.99000000,2673.41000000,2641.79000000,2624.89000000,2024-10-19 10:05:23
1125899906842744,SOL,SOL/USD,ticker,154.73000000,355,355.40448653,154.72000000,821,821.70662786,154.73000000,51.70133230,16978.69667134,179596.59836250,154.71688000,154.70497000,3705,16325,154.09000000,152.25000000,155.90000000,156.50000000,154.93000000,153.47000000,2024-10-19 10:05:25
1125899906842640,ADA,ADA/USD,ticker,0.35492300,80,80.81536671,0.35476300,12686,12686.12579090,0.35476300,1407.79042922,414161.80230050,2687774.91072903,0.35372600,0.34944600,588,1801,0.35036500,0.34394200,0.35679900,0.35679900,0.35073000,0.34756000,2024-10-19 09:28:30
1125899906842696,ETH,ETH/USD,ticker,2646.29000000,123,123.59193771,2646.28000000,0,0.98837727,2646.28000000,0.11348641,624.94395122,5940.49278473,2644.97254000,2643.45035000,2723,12245,2635.70000000,2612.22000000,2660.99000000,2673.41000000,2641.79000000,2625.71000000,2024-10-19 09:33:33
1125899906842700,XBT,XBT/USD,ticker,68375.30000000,3,3.22296192,68375.20000000,0,0.00784020,68375.30000000,0.00147043,158.25435738,1116.92308454,68426.55430000,68488.88063000,6366,27568,68308.10000000,67646.60000000,68632.70000000,68980.30000000,68440.20000000,67837.10000000,2024-10-19 09:34:03
2251799813685266,ETH,ETH/USD,ticker,2645.35000000,138,138.81336590,2645.34000000,0,0.52918000,2645.34000000,0.04782000,627.76200138,5608.70712857,2644.97632000,2644.69028000,2758,12070,2635.70000000,2612.22000000,2660.99000000,2673.41000000,2641.79000000,2624.90000000,2024-10-19 10:00:52
1125899906842734,XBT,XBT/USD,ticker,68318.60000000,0,0.00259937,68318.50000000,11,11.19860414,68318.60000000,0.00040063,168.97082622,1108.78982190,68420.70203000,68499.29913000,6719,27591,68308.10000000,67646.60000000,68632.70000000,68980.30000000,68440.20000000,67764.60000000,2024-10-19 10:05:06
1125899906842736,SOL,SOL/USD,ticker,154.73000000,655,655.56069011,154.71000000,890,890.32889831,154.72000000,0.02000000,16678.54046776,179296.44215892,154.71665000,154.70492000,3698,16318,154.09000000,152.25000000,155.90000000,156.50000000,154.93000000,153.47000000,2024-10-19 10:05:18
1125899906842764,XBT,XBT/USD,ticker,68320.00000000,0,0.03269843,68319.90000000,12,12.78361488,68319.90000000,0.00030000,168.97478409,1108.68084238,68420.69964000,68499.37351000,6731,27592,68308.10000000,67646.60000000,68632.70000000,68980.30000000,68440.20000000,67762.60000000,2024-10-19 10:06:34
1125899906842770,ETH,ETH/USD,ticker,2644.40000000,0,0.55589408,2644.39000000,197,197.11055471,2644.40000000,0.15999848,632.35045938,5613.29002968,2644.97522000,2644.69041000,2787,12097,2635.70000000,2612.22000000,2660.99000000,2673.41000000,2641.79000000,2624.89000000,2024-10-19 10:06:41
1125899906842771,XBT,XBT/USD,ticker,68320.00000000,0,0.03269843,68319.90000000,14,14.32886605,68319.90000000,0.00010000,168.97568409,1108.68174238,68420.69910000,68499.37337000,6737,27598,68308.10000000,67646.60000000,68632.70000000,68980.30000000,68440.20000000,67762.60000000,2024-10-19 10:06:44
1125899906842661,SOL,SOL/USD,ticker,154.77000000,641,641.22455600,154.76000000,10,10.09847248,154.77000000,0.87000000,16522.12552546,179354.03898230,154.71657000,154.70352000,3596,16469,154.09000000,152.25000000,155.90000000,156.50000000,154.93000000,153.97000000,2024-10-19 09:30:04
2251799813685259,ADA,ADA/USD,ticker,0.35508900,780,780.14264874,0.35496200,14119,14119.81289763,0.35508900,59.85735126,417636.79347694,2689066.71865655,0.35373800,0.34945500,601,1793,0.35036500,0.34394200,0.35679900,0.35679900,0.35073000,0.34660400,2024-10-19 09:59:31
2251799813685274,XBT,XBT/USD,ticker,68320.10000000,0,0.36710346,68320.00000000,0,0.43694539,68320.10000000,0.00015494,165.87360272,1105.76704400,68422.62778000,68499.75899000,6667,27555,68308.10000000,67646.60000000,68632.70000000,68980.30000000,68440.20000000,67759.20000000,2024-10-19 10:01:58
2251799813685283,XBT,XBT/USD,ticker,68317.20000000,5,5.21822399,68317.10000000,0,0.00010000,68317.20000000,0.00436863,166.06605870,1105.95381738,68422.50768000,68499.73134000,6677,27562,68308.10000000,67646.60000000,68632.70000000,68980.30000000,68440.20000000,67759.30000000,2024-10-19 10:02:50
1125899906842780,SOL,SOL/USD,ticker,154.82000000,84,84.65364376,154.81000000,788,788.24867217,154.82000000,0.25000000,17356.51442267,179967.73782517,154.71728000,154.70508000,3726,16342,154.09000000,152.25000000,155.90000000,156.50000000,154.93000000,153.45000000,2024-10-19 10:08:09
1125899906842694,XBT,XBT/USD,ticker,68378.70000000,8,8.98910592,68378.60000000,0,0.00789620,68378.70000000,0.00028150,158.24241123,1116.94079462,68426.55817000,68488.86461000,6362,27575,68308.10000000,67646.60000000,68632.70000000,68980.30000000,68440.20000000,67840.40000000,2024-10-19 09:33:01
2251799813685267,ETH,ETH/USD,ticker,2645.35000000,142,142.16360294,2645.34000000,0,0.52918000,2645.35000000,0.00186218,627.76386356,5608.70899075,2644.97632000,2644.69028000,2759,12071,2635.70000000,2612.22000000,2660.99000000,2673.41000000,2641.79000000,2624.90000000,2024-10-19 10:00:54
2251799813685279,XBT,XBT/USD,ticker,68318.70000000,0,0.30989823,68318.50000000,0,0.09280673,68318.60000000,0.02927460,165.96816767,1105.85592635,68422.56906000,68499.74739000,6672,27557,68308.10000000,67646.60000000,68632.70000000,68980.30000000,68440.20000000,67759.30000000,2024-10-19 10:02:32
1125899906842723,XBT,XBT/USD,ticker,68318.60000000,0,0.00400000,68318.50000000,10,10.78791344,68318.50000000,0.16130000,167.60242559,1107.49018427,68421.53646000,68499.47723000,6708,27593,68308.10000000,67646.60000000,68632.70000000,68980.30000000,68440.20000000,67759.30000000,2024-10-19 10:04:40
1125899906842727,XBT,XBT/USD,ticker,68318.60000000,0,0.00400000,68318.50000000,10,10.08307760,68318.50000000,0.05820000,168.68712559,1108.50612127,68420.87391000,68499.34540000,6712,27584,68308.10000000,67646.60000000,68632.70000000,68980.30000000,68440.20000000,67764.60000000,2024-10-19 10:04:48
1125899906842630,ETH,ETH/USD,ticker,2646.29000000,0,0.11103475,2646.28000000,110,110.91224027,2646.29000000,0.00372303,620.33869517,5942.01770067,2644.96277000,2643.43189000,2705,12276,2635.70000000,2612.22000000,2660.99000000,2673.41000000,2641.79000000,2629.92000000,2024-10-19 09:28:00
2251799813685263,XBT,XBT/USD,ticker,68343.80000000,5,5.51607710,68343.70000000,0,0.05000000,68343.80000000,0.00069008,163.60545381,1103.53268301,68424.00968000,68500.09982000,6628,27521,68308.10000000,67646.60000000,68632.70000000,68980.30000000,68440.20000000,67765.70000000,2024-10-19 10:00:15
2251799813685271,XBT,XBT/USD,ticker,68322.00000000,0,0.03710000,68321.90000000,1,1.97436180,68322.00000000,0.00005774,165.01156549,1104.90530045,68423.15237000,68499.89731000,6651,27540,68308.10000000,67646.60000000,68632.70000000,68980.30000000,68440.20000000,67759.30000000,2024-10-19 10:01:15
2251799813685285,XBT,XBT/USD,ticker,68317.20000000,8,8.62560001,68317.10000000,0,0.00010000,68317.20000000,0.00087756,166.06693626,1105.95469494,68422.50712000,68499.73119000,6678,27563,68308.10000000,67646.60000000,68632.70000000,68980.30000000,68440.20000000,67759.30000000,2024-10-19 10:03:01
2251799813685298,SOL,SOL/USD,ticker,154.82000000,84,84.40364376,154.81000000,788,788.24867217,154.82000000,0.25000000,17356.76442267,179967.98782517,154.71729000,154.70508000,3727,16343,154.09000000,152.25000000,155.90000000,156.50000000,154.93000000,153.45000000,2024-10-19 10:08:09
1125899906842783,XBT,XBT/USD,ticker,68320.00000000,0,0.02198674,68319.90000000,12,12.11694645,68319.90000000,0.00010000,168.98659578,1108.26822965,68420.69260000,68499.65391000,6742,27585,68308.10000000,67646.60000000,68632.70000000,68980.30000000,68440.20000000,67761.70000000,2024-10-19 10:08:22
